Date;Car;Truck;Total;Time;Year;Q1;Q2;Q3;Inventories;CPI_New_Cars;CPI_Used_Cars;Gas_Prices;Cons_Conf_Autos;Miles_Driven;Bank_Auto_Interest_Rate;US_Population_millions;Unemployment;Disposible_Income_Capita_Real;Saving_Capital;Household_Debt_Capital;US_House_Price_Inflation;Consumer_Confidence;RealGDP;Fed_Funds_Rate;US_Urban_CPI_Change;Nonfarm_Payrolls
31/3/1994;876487;572605;1444671;1;1;1;0;0;1381;3.361344538;5.529225908;1.012;5.8;196190;7.54;262.4853236;6.57;26403;1636.986;22017.4617;3.259810942;86.73;37138.07639;3.34;2.5;16799
30/4/1994;787201;525248;1312449;2;1;0;1;0;1343.4;3.279938978;5.128205128;1.037;7.1;195407;7.54;262.757732;6.57;26384;1530.272;22001.6176;3.259810942;92.07;37099.5743;3.56;2.4;16855
31/5/1994;816102;542678;1358780;3;1;0;1;0;1383.6;3.351104341;4.866920152;1.05;6.6;206594;7.76;263.0116959;6.57;26676;1893.996;22245.1164;3.259810942;88.91;37063.75097;4.01;2.3;16932
30/6/1994;870757;577002;1447759;4;1;0;1;0;1416;3.664122137;4.914370812;1.095;5;207280;7.76;263.2928526;6.2;26597;1675.611;22205.8353;2.911299018;92.52;37530.07309;4.25;2.5;17103
31/7/1994;713421;478797;1192218;5;1;0;0;1;1454.6;3.743315508;4.775900073;1.114;8.5;214778;7.76;263.5779023;6.2;26591;1701.824;22200.8259;2.911299018;91.3;37489.4857;4.26;2.8;16991
31/8/1994;787684;517297;1304981;6;1;0;0;1;1428.4;3.669724771;4.727272727;1.161;7.1;215045;8.41;263.8759398;6.2;26600;1569.4;22208.34;2.911299018;90.35;37447.1428;4.47;2.9;17183
30/9/1994;745132;480124;1225256;7;1;0;0;1;1428.3;3.905053599;4.830569575;1.129;6.3;200511;8.41;264.1556105;6;26682;1654.284;22386.198;2.505207454;89.51;37628.19946;4.73;3;17222
31/10/1994;740570;522396;1262966;8;1;0;0;0;1436.5;3.563305534;5.6509299;1.121;6.6;202864;8.41;264.4288316;6;26901;1748.565;22569.939;2.505207454;89.13;37589.32011;4.76;2.6;17226
30/11/1994;674314;498041;1172355;9;1;0;0;0;1432.1;3.223388306;6.680881308;1.117;5;190074;8.75;264.6778576;6;26867;1719.488;22541.413;2.505207454;100.42;37553.95366;5.29;2.7;17238
31/12/1994;694944;494171;1189115;10;1;0;0;0;1445.3;3.204172876;8.758076095;1.134;7;193087;8.75;264.9237958;5.63;26967;1752.855;22711.6074;1.574539363;103.42;37944.87381;5.45;2.7;17230
31/1/1995;586455;417445;1003900;11;2;1;0;0;1532.8;3.192279139;11.40350877;1.131;5.6;193838;8.75;265.1611473;5.63;27056;1866.864;22786.5632;1.574539363;101.42;37910.90853;5.53;2.8;17133
28/2/1995;653953;449855;1103808;12;2;1;0;0;1605;3.037037037;14.31767338;1.121;5.1;171053;9.7;265.3834797;5.63;27094;1977.862;22818.5668;1.574539363;99.38;37879.1476;5.92;2.9;17158
31/3/1995;803701;566473;1370174;13;2;1;0;0;1677.2;2.73466371;15.86826347;1.121;6.4;201227;9.7;265.6262667;5.47;27137;1899.59;22919.9102;1.470261873;100.18;37974.03067;5.98;2.9;17177
30/4/1995;690908;493045;1183953;14;2;0;1;0;1708.1;2.880354505;15.81670362;1.184;7.3;198213;9.7;265.8749628;5.47;26904;1694.952;22723.1184;1.470261873;104.64;37938.51024;6.05;3.1;17206
31/5/1995;830401;564652;1395053;15;2;0;1;0;1718.7;2.652910833;14.3582306;1.244;7.8;212586;9.78;266.1299831;5.47;27142;1764.23;22924.1332;1.470261873;102;37902.1555;6.01;3.2;17234
30/6/1995;857482;584383;1441865;16;2;0;1;0;1705.5;2.430044183;12.34918382;1.229;4.6;211370;9.78;266.4141786;5.67;27196;1658.956;23195.4684;2.503584427;94.6;37993.84873;6;3;17342
31/7/1995;726643;500472;1227115;17;2;0;0;1;1728.5;1.840942563;10.44880785;1.179;7.1;217188;9.78;266.7021785;5.67;27221;1742.144;23216.7909;2.503584427;101.44;37952.82085;5.85;2.8;17177
31/8/1995;812184;523896;1336080;18;2;0;0;1;1666.7;1.696165192;9.027777778;1.163;7;219216;9.44;266.997391;5.67;27213;1659.993;23209.9677;2.503584427;102.38;37910.85735;5.74;2.6;17335
30/9/1995;720480;466608;1187088;19;2;0;0;1;1650;1.547531319;7.634112792;1.156;7.5;203866;9.44;267.3047305;5.67;27270;1663.47;23392.206;3.652240773;97.28;38191.61742;5.8;2.5;17341
31/10/1995;707042;488925;1195967;20;2;0;0;0;1685.7;1.464128843;6.431956669;1.115;6.8;206745;9.44;267.5796575;5.67;27273;1772.745;23394.7794;3.652240773;96.31;38152.37711;5.76;2.8;17290
30/11/1995;650232;494095;1144327;21;2;0;0;0;1679.1;1.74291939;5.129913391;1.107;6.9;194131;9.36;267.8342667;5.67;27321;1639.26;23435.9538;3.652240773;101.61;38116.10862;5.8;2.6;17248
31/12/1995;660746;513689;1174435;22;2;0;0;0;1629.8;1.588447653;4.422442244;1.128;7.1;193341;9.36;268.0509312;5.57;27331;1503.205;23936.4898;4.562445031;99.17;38355.39744;5.6;2.5;17251
31/1/1996;570743;456742;1027485;23;3;1;0;0;1622.6;1.510791367;3.608923885;1.133;7;183465;9.36;268.2521113;5.57;27353;1668.533;23955.7574;4.562445031;88.41;38326.63218;5.56;2.7;17083
29/2/1996;694572;517386;1212521;24;3;1;0;0;1613.2;1.581595974;2.739726027;1.153;8.1;176562;9.12;268.4844964;5.57;27542;1680.062;24121.2836;4.562445031;98;38293.45879;5.22;2.7;17130
31/3/1996;798303;578052;1376355;25;3;1;0;0;1419.1;1.798561151;1.61498708;1.21;6.7;204172;9.12;268.7300782;5.53;27608;1656.48;24383.3856;5.177975832;98.4;38509.64532;5.31;2.8;17113
30/4/1996;766542;563181;1330009;26;3;0;1;0;1435.1;1.435750179;0.446713465;1.318;7.5;205253;9.12;268.9760793;5.53;27424;1371.2;24220.8768;5.177975832;104.83;38474.42503;5.22;2.9;17137
31/5/1996;876696;615569;1492265;27;3;0;1;0;1413.2;1.36396267;-0.063411541;1.321;8.3;218676;8.93;269.2471258;5.53;27747;1692.567;24506.1504;5.177975832;103.54;38435.69349;5.24;2.9;17210
30/6/1996;797074;575649;1373165;28;3;0;1;0;1454.7;1.581595974;-0.694883133;1.289;6.9;215551;8.93;269.5273275;5.5;27884;1812.46;24643.8792;3.669033785;100.07;39066.16853;5.27;2.8;17323
31/7/1996;736760;552041;1288801;29;3;0;0;1;1526.9;1.952277657;-0.380952381;1.263;8.1;225109;8.93;269.8200144;5.5;27780;1694.58;24551.964;3.669033785;106.99;39023.79156;5.4;3;17181
31/8/1996;754245;550200;1305877;30;3;0;0;1;1545.8;2.030456853;-0.25477707;1.253;8;229050;9.11;270.1251079;5.5;27816;1641.144;24583.7808;3.669033785;111.99;38979.71604;5.22;2.9;17362
30/9/1996;699990;506896;1206886;31;3;0;0;1;1540.6;2.322206096;0.319488818;1.245;6.7;207604;9.11;270.4319414;5.27;27851;1671.06;24667.6307;2.559211572;111.81;39295.654;5.3;3;17348
31/10/1996;681971;586500;1269857;32;3;0;0;0;1470.9;2.092352092;-0.127226463;1.26;5.8;215654;9.11;270.7265341;5.27;27817;1613.386;24637.5169;2.559211572;107.28;39252.89419;5.24;3;17333
30/11/1996;595876;529531;1125407;33;3;0;0;0;1454.1;1.570306924;-0.82382763;1.289;7.1;199643;9.03;270.9999282;5.27;27862;1615.996;24677.3734;2.559211572;109.47;39213.29452;5.31;3.3;17312
31/12/1996;602618;516330;1120001;34;3;0;0;0;1422.5;1.634683724;-1.643489254;1.274;7;201462;9.03;271.2439592;5.33;27935;1592.295;24809.0735;2.549679319;114.25;39592.0338;5.29;3.3;17308
31/1/1997;617874;474010;1091884;35;4;1;0;0;1393.7;1.346562721;-2.026599113;1.284;7.6;190126;9.03;271.4744849;5.33;28003;1568.168;24869.4643;2.549679319;118.74;39558.41377;5.25;3;17183
28/2/1997;655534;497274;1153854;36;4;1;0;0;1401.9;1.132342534;-1.968253968;1.27;8.1;183950;8.92;271.7055092;5.33;28062;1599.534;24921.8622;2.549679319;118.87;39524.77824;5.19;3;17223
31/3/1997;772613;623714;1396327;37;4;1;0;0;1391.8;0.989399293;-1.843610935;1.246;7.8;211952;8.92;271.951003;5.23;28165;1633.57;25080.9325;2.250987731;118.54;39789.88818;5.39;2.8;17268
30/4/1997;704071;574302;1279609;38;4;0;1;0;1379.3;0.920028309;-1.969504447;1.24;8.3;211290;8.92;272.2129488;5.23;28157;1661.263;25073.8085;2.250987731;118.52;39751.59906;5.51;2.5;17288
31/5/1997;777736;628674;1406410;39;4;0;1;0;1366.9;0.637393768;-2.347715736;1.255;8.2;226082;9.2;272.4836254;5.23;28245;1751.19;25152.1725;2.250987731;127.89;39712.11108;5.5;2.2;17356
30/6/1997;745728;578960;1326112;40;4;0;1;0;1381.3;0.283085633;-3.435114504;1.226;7.9;222254;9.2;272.7645292;5;28305;1698.3;25304.67;2.926829268;129.88;40269.53223;5.56;2.3;17485
31/7/1997;745581;602349;1347930;41;4;0;0;1;1421.9;0.070921986;-4.461440408;1.216;8.7;236713;9.2;273.0757037;5;28387;1561.285;25377.978;2.926829268;126.35;40223.64441;5.52;2.2;17352
31/8/1997;745448;572199;1319881;42;4;0;0;1;1395.3;-0.213219616;-5.172413793;1.288;7.6;233496;8.99;273.3929825;5;28500;1539;25479;2.926829268;129.1;40176.96395;5.54;2.2;17553
30/9/1997;676801;532540;1209341;43;4;0;0;1;1400.9;-0.709219858;-5.605095541;1.255;7.5;213547;8.99;273.6985917;4.87;28546;1598.576;25574.3614;3.879933871;130.19;40643.24894;5.54;2.2;17550
31/10/1997;673749;573267;1249319;44;4;0;0;0;1400.2;-0.636042403;-5.796178344;1.228;7.3;221219;8.99;273.9860384;4.87;28650;1604.4;25667.535;3.879933871;123.39;40600.60894;5.5;2.1;17563
30/11/1997;570809;550539;1121348;45;4;0;0;0;1409.6;-0.702740689;-5.686900958;1.207;7.8;202422;8.96;274.25;4.87;28800;1670.4;25801.92;3.879933871;128.09;40561.53145;5.52;1.8;17597
31/12/1997;665839;589801;1255640;46;4;0;0;0;1399.7;-1.048951049;-4.948586118;1.158;6.7;207322;8.96;274.4988941;4.67;28936;1678.288;25834.0608;4.413800174;136.21;40839.14449;5.5;1.7;17613
31/1/1998;532224;487532;1019756;47;5;1;0;0;1427.4;-0.839160839;-4.266321913;1.112;6.9;196870;8.96;274.7309248;4.67;29174;1954.658;26046.5472;4.413800174;128.3;40804.6528;5.56;1.6;17511
28/2/1998;622049;524116;1146165;48;5;1;0;0;1439;-0.839748076;-3.886010363;1.09;8.9;187167;8.89;274.9395044;4.67;29341;1995.188;26195.6448;4.413800174;137.38;40773.69683;5.5;1.4;17536
31/3/1998;731822;640602;1372424;49;5;1;0;0;1451.3;-0.839748076;-4.598445596;1.077;7.8;214222;8.89;275.1721097;4.63;29487;2034.603;26287.6605;5.094310844;133.8;41142.25097;5.49;1.4;17569
30/4/1998;714938;642846;1357784;50;5;0;1;0;1438.5;-0.771388499;-3.953337654;1.086;9;217921;8.89;275.4356285;4.63;29555;1950.63;26348.2825;5.094310844;137.2;41102.88877;5.45;1.4;17580
31/5/1998;797526;715185;1512711;51;5;0;1;0;1396.2;-1.055594652;-2.53411306;1.108;8.7;227899;8.69;275.6973724;4.63;29647;1867.761;26430.3005;5.094310844;136.31;41063.86615;5.49;1.7;17607
30/6/1998;823164;750543;1573707;52;5;0;1;0;1289.1;-1.199717713;-0.592885375;1.096;7.3;228733;8.69;275.9744838;4.4;29785;1846.67;26711.188;5.162851669;138.23;41420.49599;5.56;1.7;17709
31/7/1998;640365;592291;1232656;53;5;0;0;1;1196.4;-0.708717222;0.933955971;1.088;11;239944;8.69;276.2614063;4.4;29808;1877.904;26731.8144;5.162851669;137.22;41377.47705;5.54;1.7;17404
31/8/1998;680832;552193;1233025;54;5;0;0;1;1306;-0.284900285;1.750841751;1.053;8.7;237143;8.7;276.5641214;4.4;29873;1852.126;26790.1064;5.162851669;133.11;41332.18705;5.55;1.6;17640
30/9/1998;689505;592783;1282288;55;5;0;0;1;1332.9;-0.428571429;2.496626181;1.053;8.7;219461;8.7;276.8616577;4.53;29933;1736.114;26852.8943;5.177301437;126.37;41828.11046;5.51;1.5;17632
31/10/1998;717426;654523;1371949;56;5;0;0;0;1340;-0.640113798;3.448275862;1.055;9.6;228523;8.7;277.1375154;4.53;29953;1677.368;26870.8363;5.177301437;119.29;41786.4755;5.07;1.5;17551
30/11/1998;567037;578039;1145076;57;5;0;0;0;1371.9;-0.495399858;4.33604336;1.015;9.6;211178;8.62;277.398742;4.53;30047;1712.679;26955.1637;5.177301437;126.39;41747.12516;4.83;1.5;17502
31/12/1998;689172;654899;1344071;58;5;0;0;0;1369.7;-0.141342756;3.515889114;0.979;8.3;216303;8.62;277.6595391;4.43;30071;1563.692;27226.2834;5.061861744;126.67;42392.56479;4.68;1.6;17475
31/1/1999;549274;544415;1093689;59;6;1;0;0;1410.8;-0.282087447;1.688048616;0.977;8.5;193581;8.62;277.8893973;4.43;30162;1719.234;27308.6748;5.061861744;128.93;42357.49948;4.63;1.7;17324
28/2/1999;672928;616602;1289530;60;6;1;0;0;1399.1;-0.635144672;-0.067385445;0.949;10.3;191485;8.34;278.0937893;4.43;30238;1693.328;27377.4852;5.061861744;133.12;42326.36777;4.76;1.6;17305
31/3/1999;791836;744812;1536648;61;6;1;0;0;1405;-0.988002823;0.067888663;1.121;8.7;220763;8.34;278.3192277;4.3;30248;1603.144;27692.044;4.610323642;133.95;42629.8251;4.81;1.7;17303
30/4/1999;739087;668248;1407335;62;6;0;1;0;1404.3;-0.989399293;0.067476383;1.171;9;220996;8.34;278.5823221;4.3;30162;1357.29;27613.311;4.610323642;135.52;42589.5653;4.74;2.3;17291
31/5/1999;830104;763195;1593299;63;6;0;1;0;1393.2;-0.711237553;-0.266666667;1.151;10.1;230786;8.31;278.8574267;4.3;30195;1298.385;27643.5225;4.610323642;137.67;42547.5489;4.74;2.1;17316
30/6/1999;829297;778312;1607609;64;6;0;1;0;1378.1;-0.642857143;0;1.153;8.3;235970;8.31;279.1456041;4.27;30267;1271.214;28084.7493;5.067599962;138.97;42853.97951;4.76;2;17394
31/7/1999;771028;721278;1492306;65;6;0;0;1;1356.8;-1.070663812;0.660938533;1.232;10.5;243116;8.31;279.4502445;4.27;30268;1240.988;28085.6772;5.067599962;136.22;42807.2626;4.99;2.1;17303
31/8/1999;803081;682054;1485135;66;6;0;0;1;1349.7;-1.428571429;1.786896095;1.273;10.1;241503;8.44;279.7523383;4.27;30364;1214.56;28174.7556;5.067599962;136.05;42761.03668;5.07;2.3;17363
30/9/1999;720728;683026;1403754;67;6;0;0;1;1346.4;-0.860832138;2.50164582;1.302;8.8;224306;8.44;280.0494886;4.23;30310;1060.85;28400.47;5.092680159;134.21;43253.4266;5.22;2.6;17334
31/10/1999;692670;664532;1357202;68;6;0;0;0;1385.1;-0.644237652;2.222222222;1.277;9.5;233631;8.44;280.3367468;4.23;30468;1188.252;28548.516;5.092680159;130.45;43209.10527;5.2;2.6;17313
30/11/1999;643457;636535;1279992;69;6;0;0;0;1403.4;-0.711237553;1.363636364;1.315;7.7;221856;8.67;280.5969662;4.23;30655;1256.855;28723.735;5.092680159;136.96;43169.03409;5.42;2.6;17317
31/12/1999;683437;716294;1399731;70;6;0;0;0;1406.6;-0.8492569;1.241018942;1.314;8.6;221465;8.67;280.8445869;4.07;30879;1142.523;28958.3262;4.930136922;141.69;43879.4286;5.3;2.7;17299
31/1/2000;625574;583082;1208656;71;7;1;0;0;1370.1;-0.99009901;2.19123506;1.355;9.8;203442;8.67;281.083861;4.07;31111;1462.217;29175.8958;4.930136922;144.71;43842.07601;5.45;2.7;17179
29/2/2000;773657;731349;1505006;72;7;1;0;0;1306.4;-0.710227273;3.169251517;1.458;9.8;199261;8.88;281.2964624;4.07;31208;1310.736;29266.8624;4.930136922;140.81;43808.94055;5.73;3.2;17192
31/3/2000;835814;834060;1669874;73;7;1;0;0;1305.2;-0.213827512;3.799185889;1.549;8.5;232490;8.88;281.5291107;4.03;31260;1219.14;29312.502;5.822234554;137.06;43899.90069;5.85;3.8;17236
30/4/2000;774418;727079;1501497;74;7;0;1;0;1321.4;0.071377587;3.843560351;1.478;8.3;227748;8.88;281.7619488;4.03;31363;1379.972;29409.0851;5.822234554;137.7;43863.62336;6.02;3.1;17249
31/5/2000;833851;791619;1625470;75;7;0;1;0;1322.8;0.286532951;3.877005348;1.579;10.1;242501;9.22;281.9927513;4.03;31454;1352.522;29494.4158;5.822234554;144.69;43827.72232;6.27;3.2;17262
30/6/2000;840889;780133;1619001;76;7;0;1;0;1346.7;0.35945363;3.180914513;1.691;8.4;242963;9.22;282.2464918;3.93;31498;1322.916;29661.6666;6.119096509;139.2;44615.25781;6.53;3.7;17403
31/7/2000;744243;692486;1436729;77;7;0;0;1;1367.1;0.505050505;1.969796454;1.514;7.3;245139;9.22;282.5067172;3.93;31635;1455.21;29790.6795;6.119096509;142.98;44574.16136;6.54;3.7;17318
31/8/2000;803577;740253;1543830;78;7;0;0;1;1381.8;0.507246377;0.910273082;1.521;9.1;247832;9.62;282.7668681;3.93;31776;1461.696;29923.4592;6.119096509;140.85;44533.15229;6.5;3.4;17365
30/9/2000;749346;728546;1477892;79;7;0;0;1;1411.1;0.0723589;0.321130379;1.586;7.8;227899;9.62;283.0346174;4;31747;1206.386;30096.156;6.542182227;142.52;44544.72783;6.52;3.5;17278
31/10/2000;622008;658815;1280823;80;7;0;0;0;1412.8;-0.144092219;0.959079284;1.584;9.3;236491;9.62;283.286119;4;31770;1270.8;30117.96;6.542182227;135.77;44505.181;6.51;3.4;17251
30/11/2000;599967;630488;1230455;81;7;0;0;0;1416.5;0;2.049967969;1.549;7.2;222819;9.64;283.5256289;4;31722;1205.436;30072.456;6.542182227;132.6;44467.58499;6.51;3.4;17226
31/12/2000;616763;627215;1243978;82;7;0;0;0;1397.2;0.28551035;3.35483871;1.453;8.3;218390;9.64;283.7435009;3.9;31735;1110.725;30249.802;7.081143672;128.55;44685.78121;6.4;3.4;17200
31/1/2001;598362;573878;1172240;83;8;1;0;0;1348;0.285714286;4.223521767;1.5;7.8;209685;9.64;283.9647494;3.9;31886;1275.44;30393.7352;7.081143672;115.73;44650.96469;5.98;3.7;16993
28/2/2001;703092;655104;1358196;84;8;1;0;0;1256.4;0.071530758;4.836601307;1.471;9;200876;9.17;284.1706339;3.9;31928;1309.048;30433.7696;7.081143672;109.25;44618.61461;5.49;3.5;16933
31/3/2001;791324;808024;1599348;85;8;1;0;0;1234.2;-0.357142857;4.509803922;1.445;7.9;232587;9.17;284.3800775;4.23;32004;1440.18;30506.2128;7.66507888;116.87;44459.16223;5.31;2.9;16869
30/4/2001;691546;659604;1351150;86;8;0;1;0;1179.9;-0.427960057;3.701298701;1.665;7.7;232405;9.17;284.6021249;4.23;31907;1372.001;30413.7524;7.66507888;109.86;44424.47506;4.8;3.3;16750
31/5/2001;817027;788154;1605181;87;8;0;1;0;1164.2;-0.571428571;2.380952381;1.739;9.5;245357;8.67;284.833721;4.23;31814;1177.118;30325.1048;7.66507888;116.1;44388.35386;4.21;3.6;16646
30/6/2001;815345;809225;1624570;88;8;0;1;0;1152.9;-0.787965616;2.055234425;1.583;6.7;243498;8.67;285.0797446;4.4;31789;1176.193;30933.8759;7.714138287;118.86;44585.06871;3.97;3.2;16615
31/7/2001;670319;681033;1351352;89;8;0;0;1;1122.9;-0.861450108;1.93174501;1.428;9.4;250354;8.67;285.3190235;4.4;32239;1611.95;31371.7709;7.714138287;116.3;44547.67804;3.77;2.7;16393
31/8/2001;714191;708688;1422879;90;8;0;0;1;1145.3;-1.0814708;1.804123711;1.523;8.1;253274;8.3;285.5878673;4.4;32771;1999.031;31889.4601;7.714138287;114.03;44505.74221;3.65;2.7;16332
30/9/2001;643043;649229;1292272;91;8;0;0;1;1121.5;-0.867678959;0.704225352;1.522;7.3;226312;8.3;285.8470248;4.83;32502;2047.626;31868.211;7.428523164;97;44324.7573;3.07;2.6;16186
31/10/2001;816852;909756;1726608;92;8;0;0;0;925.1;-0.649350649;-0.063331222;1.277;8.8;241043;8.3;286.0892142;4.83;31968;863.136;31344.624;7.428523164;85.27;44287.23409;2.49;2.1;16010
30/11/2001;605298;722769;1328067;93;8;0;0;0;898.7;-0.143266476;-1.192718142;1.168;7.1;230511;7.86;286.3143758;4.83;32019;1088.646;31394.6295;7.428523164;84.89;44252.40599;2.09;1.9;15847
31/12/2001;577736;736423;1314159;94;8;0;0;0;976.9;0;-1.872659176;1.137;8;229584;7.86;286.5373823;5.5;32074;1218.812;32221.5404;7.107802362;94.57;44340.8113;1.82;1.6;15723
31/1/2002;528474;582916;1111390;95;9;1;0;0;1019.5;-0.498575499;-2.992518703;1.142;7.6;215215;7.86;286.7350991;5.5;32733;1833.048;32883.5718;7.107802362;97.81;44310.23631;1.73;1.1;15475
28/2/2002;626605;683576;1310181;96;9;1;0;0;1072;-0.929235168;-4.052369077;1.157;8.1;208237;7.8;286.938065;5.5;32744;1735.432;32894.6224;7.107802362;94.98;44278.89343;1.74;1.1;15414
31/3/2002;744070;773509;1517579;97;9;1;0;0;1102.5;-0.931899642;-4.87804878;1.382;7;236070;7.8;287.1342526;5.7;32707;1733.471;32782.2261;6.035637456;110.7;44656.11429;1.73;1.5;15375
30/4/2002;717570;726236;1443806;98;9;0;1;0;1108.5;-1.289398281;-4.946775204;1.435;7.8;237246;7.8;287.3413473;5.7;32776;1671.576;32851.3848;6.035637456;108.5;44623.92941;1.75;1.6;15341
31/5/2002;758366;746438;1504804;99;9;0;1;0;1143.4;-1.436781609;-4.588309239;1.429;7.9;251746;7.74;287.5750282;5.7;32821;1837.976;32896.4883;6.035637456;110.29;44587.66841;1.75;1.2;15335
30/6/2002;761969;775205;1537174;100;9;0;1;0;1179.3;-1.371841155;-4.216488357;1.425;7.8;247868;7.74;287.8050265;5.83;32866;1774.764;33128.928;6.055888224;106.27;44797.68876;1.75;1.1;15399
31/7/2002;738911;783624;1522535;101;9;0;0;1;1190.6;-1.448225923;-3.53758686;1.447;8.3;256364;7.74;288.0529081;5.83;32736;1505.856;32997.888;6.055888224;97.42;44759.13847;1.73;1.5;15274
31/8/2002;828949;875790;1704739;102;9;0;0;1;1174.4;-1.311953353;-2.911392405;1.444;7.4;258666;7.58;288.3020715;5.83;32681;1437.964;32942.448;6.055888224;94.54;44720.45564;1.74;1.8;15272
30/9/2002;601600;622187;1223787;103;9;0;0;1;1194;-0.948212983;-3.242212333;1.455;7.2;233625;7.58;288.5552495;5.73;32670;1600.83;33542.289;6.50994575;93.73;44898.85394;1.75;1.5;15194
31/10/2002;607435;695167;1302602;104;9;0;0;0;1212.5;-0.726216412;-4.499366286;1.485;6.9;245535;7.58;288.7975303;5.73;32716;1537.652;33589.5172;6.50994575;79.56;44861.18696;1.75;2;15096
30/11/2002;574600;629607;1204207;105;9;0;0;0;1256;-1.291248207;-5.463786531;1.423;6.8;230648;7.34;289.012666;5.73;32765;1539.955;33639.8255;6.50994575;84.9;44827.79313;1.34;2.2;15009
31/12/2002;628833;815158;1443991;106;9;0;0;0;1232.5;-1.992882562;-5.534351145;1.484;7.7;234260;7.34;289.2164327;5.87;32837;1477.665;34377.0553;6.698248748;80.75;44824.56228;1.24;2.4;14919
31/1/2003;545416;544618;1090034;107;10;1;0;0;1227.8;-2.14745884;-4.69151671;1.515;6.8;218534;7.34;289.411478;5.87;32828;1477.26;34367.6332;6.698248748;78.75;44794.35332;1.24;2.6;14744
28/2/2003;581141;637584;1218725;108;10;1;0;0;1237.3;-1.875901876;-3.573749188;1.699;6.9;203677;7.11;289.6026146;5.87;32739;1571.472;34274.4591;6.698248748;64.8;44764.78922;1.26;3;14674
31/3/2003;698700;757516;1456216;109;10;1;0;0;1243.2;-1.519536903;-2.366863905;1.692;6.6;236679;7.11;289.8056774;5.87;32832;1510.272;34962.7968;6.465319247;61.42;44965.30267;1.25;3;14654
30/4/2003;656728;754861;1411589;110;10;0;1;0;1249.6;-1.669085631;-2.239789196;1.6;6;239434;7.11;290.0208971;5.87;33019;1518.874;35161.9331;6.465319247;81;44931.93467;1.26;2.2;14563
31/5/2003;730216;845966;1576182;111;10;0;1;0;1277.4;-1.67638484;-2.56916996;1.528;7.7;253244;7.05;290.2523384;5.87;33249;1695.699;35406.8601;6.465319247;83.64;44896.10685;1.26;2.1;14556
30/6/2003;690793;785910;1476703;112;10;0;1;0;1287;-1.756954612;-3.153745072;1.528;5.9;252145;7.05;290.4814759;6.13;33335;1633.415;36325.1495;5.962284037;83.52;45276.89746;1.22;2.1;14593
31/7/2003;681921;830231;1512152;113;10;0;0;1;1299.6;-1.910360029;-4.584151932;1.558;8.7;262041;7.05;290.7220474;6.13;33682;1852.51;36703.2754;5.962284037;76.99;45239.43099;1.01;2.1;14432
31/8/2003;740508;890396;1630904;114;10;0;0;1;1269.5;-1.329394387;-6.584093872;1.787;6.6;260687;6.76;290.9778211;6.13;33861;1794.633;36898.3317;5.962284037;81.72;45199.66488;1.03;2.2;14467
30/9/2003;598010;705196;1303206;115;10;0;0;1;1269.1;-1.988217968;-8.672798949;1.635;5.4;237451;6.76;291.2206208;6.13;33442;1504.89;36595.5806;5.495681701;76.97;45918.45167;1.01;2.3;14419
31/10/2003;576059;729464;1305523;116;10;0;0;0;1281.6;-2.340892465;-10.3516921;1.584;6.6;254001;6.76;291.462288;6.13;33557;1543.622;36721.4251;5.495681701;81.73;45880.37818;1.01;2;14368
30/11/2003;560446;700491;1260937;117;10;0;0;0;1256.9;-2.398255814;-11.29032258;1.554;5.8;233698;6.82;291.6809758;6.13;33778;1587.566;36963.2654;5.495681701;92.45;45845.97938;1;1.8;14339
31/12/2003;584239;847757;1431996;118;10;0;0;0;1230.9;-2.106027596;-11.78451178;1.521;6.2;238538;6.82;291.8643166;5.83;33814;1623.072;37672.1774;6.961933183;94.81;46352.70306;0.98;1.9;14304
31/1/2004;497894;627418;1125312;119;11;1;0;0;1246.7;-1.463057791;-11.80040459;1.664;6.7;222450;6.82;292.0455217;5.83;33830;1522.35;37690.003;6.961933183;97.67;46323.94265;1;1.9;14171
29/2/2004;584663;692743;1277406;120;11;1;0;0;1249.3;-0.882352941;-11.72506739;1.73;7.2;213709;6.72;292.2284534;5.83;33880;1524.6;37745.708;6.961933183;88.48;46294.9444;1.01;1.7;14172
31/3/2004;696143;811525;1507668;121;11;1;0;0;1232.4;-1.102130786;-11.64983165;1.8;5.4;251403;6.72;292.4335619;5.7;33979;1529.055;38253.5582;7.323913278;88.51;46528.51715;1;1.7;14220
30/4/2004;646476;776479;1422955;122;11;0;1;0;1264.8;-0.885608856;-11.52291105;1.853;6.6;250787;6.72;292.6522824;5.7;34065;1601.055;38350.377;7.323913278;93.03;46493.74298;1;2.3;14267
31/5/2004;745445;884305;1629750;123;11;0;1;0;1251.3;-0.370644922;-10.8857336;2.092;6.4;257235;6.43;292.8684164;5.7;34214;1608.058;38518.1212;7.323913278;93.05;46459.43105;1;3.1;14337
30/6/2004;672605;774824;1447429;124;11;0;1;0;1244.6;0;-11.39755767;1.965;6.4;257383;6.43;293.0999181;5.6;34188;1709.4;38964.0636;8.603602003;102.81;46762.89263;1.03;3.3;14434
31/7/2004;685056;870744;1555800;125;11;0;0;1;1227.8;-0.374531835;-9.334248456;1.948;6.8;265797;6.43;293.3504808;5.6;34213;1573.798;38992.5561;8.603602003;105.73;46722.95052;1.26;3;14370
31/8/2004;639166;789902;1429068;126;11;0;0;1;1231.1;-1.19760479;-6.629448709;1.909;6.5;262836;6.55;293.6005134;5.6;34284;1577.064;39073.4748;8.603602003;98.69;46683.16088;1.43;2.7;14431
30/9/2004;607099;829446;1436545;127;11;0;0;1;1225.2;-0.901577761;-1.798561151;1.959;6.3;243515;6.55;293.8549117;5.43;34255;1335.945;39564.525;11.05552251;96.74;47066.76475;1.61;2.5;14385
31/10/2004;585996;748491;1334487;128;11;0;0;0;1233.4;-0.374531835;1.258327165;2.074;7.6;254617;6.55;294.1004758;5.43;34257;1301.766;39566.835;11.05552251;92.89;47027.46557;1.76;3.2;14360
30/11/2004;518657;680016;1198673;129;11;0;0;0;1189.9;0.446760983;3.560606061;1.989;4.6;239796;6.71;294.3336555;5.43;34149;1195.215;39442.095;11.05552251;92.6;46990.20905;1.93;3.5;14331
31/12/2004;653542;888076;1541618;130;11;0;0;0;1149.3;0.519287834;4.809160305;1.838;6.6;245029;6.71;294.5575346;5.43;35370;2228.31;41411.196;10.30587595;102.68;47360.52676;2.16;3.3;14306
31/1/2005;487287;575215;1062502;131;12;1;0;0;1145.2;1.262063846;5.122324159;1.953;7.2;224072;6.71;294.7664208;5.43;34164;1093.248;39999.2112;10.30587595;105.08;47326.96473;2.28;3;14142
28/2/2005;572302;681243;1253545;132;12;1;0;0;1162.7;1.18694362;5.038167939;1.969;7.2;219970;6.86;294.9554983;5.43;34156;990.524;39989.8448;10.30587595;104.39;47296.62637;2.5;3;14168
31/3/2005;719845;856306;1576151;133;12;1;0;0;1130.9;0.817236256;4.954268293;2.194;5.7;253182;6.86;295.1489486;5.3;34240;992.96;41183.872;11.11222781;103.03;47769.44003;2.63;3.1;14200
30/4/2005;715752;787746;1503498;134;12;0;1;0;1090;0.96798213;5.178979436;2.279;5.8;250804;6.86;295.3619975;5.3;34282;754.204;41234.3896;11.11222781;97.54;47734.98323;2.79;3.5;14203
31/5/2005;691091;808088;1499179;135;12;0;1;0;1070.5;0.818452381;5.31107739;2.141;7.8;262678;6.92;295.5840456;5.3;34398;1031.94;41373.9144;11.11222781;103.13;47699.12386;3;2.8;14246
30/6/2005;707417;969628;1677045;136;12;0;1;0;1082.7;0.670640835;7.120980092;2.257;6.6;263816;6.92;295.8252343;5.1;34469;792.787;42076.3083;11.94845125;106.2;47909.02992;3.04;2.5;14323
31/7/2005;714004;1094126;1808130;137;12;0;0;1;1039.2;0.676691729;6.737320212;2.333;7.6;266920;6.92;296.0726388;5.1;34527;656.013;42147.1089;11.94845125;103.63;47868.99613;3.26;3.2;14250
31/8/2005;700177;783407;1483584;138;12;0;0;1;1013.1;0.53030303;6.128550075;2.653;6.2;265323;7.08;296.3413222;5.1;34548;829.152;42172.7436;11.94845125;105.49;47825.5948;3.5;3.6;14288
30/9/2005;648064;681344;1329408;139;12;0;0;1;974.4;1.288855193;3.663003663;2.851;5.8;242240;7.08;296.6017297;4.97;34341;789.843;42387.0963;11.0733075;87.5;48185.15392;3.62;4.7;14234
31/10/2005;563123;583468;1146591;140;12;0;0;0;999.1;1.578947368;2.777777778;2.528;6.4;251611;7.08;296.8529744;4.97;34477;896.402;42554.9611;11.0733075;85.16;48144.3719;3.78;4.3;14224
30/11/2005;543130;622093;1165223;141;12;0;0;0;1022.8;0.889547813;1.975128018;2.2;5;243056;7.43;297.0910454;4.97;34686;936.522;42812.9298;11.0733075;98.32;48105.79189;4;3.5;14218
31/12/2005;624096;859940;1484036;142;12;0;0;0;1036.8;0.811808118;1.383831027;2.241;6.1;245787;7.43;297.3137412;4.97;34844;975.632;43356.3892;11.21838371;103.82;48344.21692;4.16;3.4;14222
31/1/2006;560491;582613;1143104;143;13;1;0;0;1015.8;0.953079179;1.309090909;2.402;6.7;233282;7.43;297.5287649;4.97;35286;1340.868;43906.3698;11.21838371;106.78;48309.27861;4.29;4;14093
28/2/2006;573917;687571;1261488;144;13;1;0;0;1032.3;0.806451613;1.380813953;2.298;7.1;220711;7.39;297.735231;4.97;35412;1345.656;44063.1516;11.21838371;102.66;48275.77829;4.49;3.6;14104
31/3/2006;695496;835216;1530712;145;13;1;0;0;1065.5;0.884303611;1.670297749;2.542;5.8;256623;7.39;297.9521029;4.73;35451;1347.138;44338.5657;10.44110109;107.51;48820.26292;4.59;3.4;14141
30/4/2006;713636;734758;1448394;146;13;0;1;0;1084.5;0.663716814;1.665459812;2.96;6.8;250644;7.39;298.1740581;4.73;35379;1202.886;44248.5153;10.44110109;109.81;48783.92203;4.79;3.5;14172
31/5/2006;734081;755597;1489678;147;13;0;1;0;1095.6;0.516605166;1.5129683;2.913;6.3;263370;7.6;298.400385;4.73;35321;1130.272;44175.9747;10.44110109;104.69;48746.92101;4.94;4.2;14187
30/6/2006;718886;781900;1500786;148;13;0;1;0;1091.8;0.518134715;1.143674053;2.914;5.5;263782;7.6;298.6513995;4.63;35370;1202.58;45089.676;8.116636475;105.37;48851.60433;4.99;4.3;14303
31/7/2006;717916;775373;1493289;149;13;0;0;1;1042.3;1.269604182;0.780141844;3.05;6.9;263421;7.6;298.9074441;4.63;35330;1024.57;45038.684;8.116636475;107.01;48809.75796;5.24;4.1;14215
31/8/2006;720872;766611;1487483;150;13;0;0;1;1055.5;2.034664657;0.281690141;2.893;6.9;265206;7.95;299.178284;4.63;35292;1058.76;44990.2416;8.116636475;100.2;48765.5715;5.25;3.8;14246
30/9/2006;636780;717922;1354702;151;13;0;0;1;1081.6;1.571856287;-0.35335689;2.429;6;245605;7.95;299.4559702;4.63;35476;1064.28;45756.9448;5.82279199;105.88;48763.76313;5.25;2.1;14192
31/10/2006;547571;669748;1217319;152;13;0;0;0;1088.3;0.88823094;-0.924608819;2.264;6.2;258146;7.95;299.7082749;4.63;35650;1105.15;45981.37;5.82279199;105.14;48722.71213;5.25;1.3;14114
30/11/2006;538253;660823;1199076;153;13;0;0;0;1100.8;0.367376929;-1.506456241;2.292;5.2;245367;7.92;299.9524436;4.63;35747;1143.904;46106.4806;5.82279199;105.3;48683.05064;5.25;2;14060
31/12/2006;649564;781742;1431306;154;13;0;0;0;1120.8;0.219619327;-2.155172414;2.387;5.4;248208;7.92;300.1814983;4.43;35813;1074.39;46567.6439;4.531713676;110;49026.67247;5.24;2.5;14036
31/1/2007;509807;581002;1090809;155;14;1;0;0;1122.8;-0.360203341;-2.902368988;2.213;6.3;233621;7.92;300.3964376;4.43;35819;1074.57;46575.4457;4.531713676;110.21;48991.59296;5.25;2.1;13898
28/2/2007;568761;690502;1254825;156;14;1;0;0;1100.8;-0.477090909;-3.514695341;2.428;5.5;219232;7.74;300.6102488;4.43;35887;1184.271;46663.8661;4.531713676;111.15;48956.74734;5.26;2.4;13886
31/3/2007;724231;817833;1542064;157;14;1;0;0;1106.3;-0.227173119;-4.012857143;2.655;5.4;259638;7.74;300.822908;4.5;35970;1294.92;46750.209;3.270543271;108.16;48952.38896;5.26;2.8;13887
30/4/2007;627550;710682;1338232;158;14;0;1;0;1095.7;-0.073260073;-4.29985755;3.017;6.2;252595;7.74;301.0435218;4.5;35936;1149.952;46706.0192;3.270543271;106.28;48916.51516;5.25;2.6;13875
31/5/2007;782962;780811;1563773;159;14;0;1;0;1074.4;-0.303230543;-4.555713272;3.25;5.9;267574;7.92;301.2732997;4.5;35891;1076.73;46647.5327;3.270543271;108.52;48879.20707;5.25;2.7;13901
30/6/2007;726109;729467;1455576;160;14;0;1;0;1085.1;-0.236377025;-4.546289753;3.029;6;265374;7.92;301.5242881;4.5;35820;1002.96;47178.522;2.15922603;105.27;49212.28765;5.25;2.7;13987
31/7/2007;625082;683699;1308781;161;14;0;0;1;1124.5;-0.435840708;-4.275862069;2.926;7.3;267106;7.92;301.7870086;4.5;35870;1004.36;47244.377;2.15922603;111.94;49169.44592;5.26;2.4;13919
31/8/2007;688139;790083;1478222;162;14;0;0;1;1107.1;-0.378138848;-3.695224719;2.796;6.3;271225;7.82;302.0608494;4.5;35859;932.334;47229.8889;2.15922603;105.55;49124.87013;5.02;2;13927
30/9/2007;617814;697100;1314914;163;14;0;0;1;1081;-0.783345615;-2.736170213;2.86;5.3;245965;7.82;302.333092;4.67;35918;1005.704;47609.309;0.190292407;99.46;49410.73403;4.94;2.8;13886
31/10/2007;565993;665340;1231333;164;14;0;0;0;1064.8;-0.829787234;-1.687006461;2.921;6.6;261623;7.82;302.5905868;4.67;35822;1003.016;47482.061;0.190292407;95.24;49368.6871;4.76;3.5;13812
30/11/2007;571636;607818;1179454;165;14;0;0;0;1025.4;-0.43704246;-0.49817917;3.147;4.8;245928;7.59;302.8300568;4.67;35759;893.975;47398.5545;0.190292407;87.78;49329.64766;4.49;4.3;13795
31/12/2007;637112;752074;1389186;166;14;0;0;0;993.8;-0.38641344;0.545521292;3.104;6.3;240363;7.59;303.0655185;4.8;35883;1076.49;47706.4485;-1.124936988;90.62;49467.19137;4.24;4.1;13776
31/1/2008;504167;539192;1043359;167;15;1;0;0;967.6;-0.61295589;1.438742542;3.03;6.7;232920;7.59;303.2785518;4.8;35961;1186.713;47810.1495;-1.124936988;87.32;49432.44391;3.94;4.3;13619
29/2/2008;563175;610975;1174150;168;15;1;0;0;969.3;-0.610183859;1.969583275;3.18;5.4;221336;7.27;303.4917637;4.8;35999;1367.962;47860.6705;-1.124936988;76.39;49397.71617;2.98;4;13578
31/3/2008;687616;666867;1354483;169;15;1;0;0;965.8;-0.691124468;2.115610722;3.339;5.4;252343;7.27;303.7088407;5;36049;1405.911;47692.827;-2.188854817;65.86;49025.57319;2.61;4;13559
30/4/2008;662887;582055;1244942;170;15;0;1;0;961.7;-0.785190616;1.804068084;3.653;5.8;252088;7.27;303.9234263;5;35887;1256.045;47478.501;-2.188854817;62.76;48990.95861;2.28;3.9;13516
31/5/2008;799898;593758;1393656;171;15;0;1;0;927.5;-0.473535758;1.371197418;3.986;5.1;261466;6.84;304.1532526;5;37585;2969.215;49724.955;-2.188854817;58.07;48953.93974;1.99;4.2;13530
30/6/2008;665451;520635;1186086;172;15;0;1;0;920.2;-0.180101713;0.675960819;4.146;5.1;257484;6.84;304.3922984;5.33;36564;2011.02;46688.5716;-4.579001667;50.97;49158.27397;2;5;13580
31/7/2008;620189;512841;1133030;173;15;0;0;1;989.7;0.585886867;-0.135270246;4.01;5;261600;6.84;304.6415262;5.33;35958;1582.152;45914.7702;-4.579001667;51.94;49118.05749;2.01;5.6;13472
31/8/2008;630725;616089;1246814;174;15;0;0;1;1029.9;0.439623984;-1.263690589;3.738;5.2;260609;6.92;304.9017957;5.33;35640;1318.68;45508.716;-4.579001667;58.48;49076.12946;2;5.4;13459
30/9/2008;475673;486897;962570;175;15;0;0;1;1062.9;0.265157423;-3.081477593;3.687;4.9;239607;6.92;305.1584853;6;35650;1568.6;46426.995;-6.529880691;61.37;48799.56062;1.81;4.9;13376
31/10/2008;429050;408627;837677;176;15;0;0;0;1145.7;-0.245618448;-5.269806499;2.718;4.5;256368;6.92;305.3995922;6;35799;1933.146;46621.0377;-6.529880691;38.83;48761.03434;0.97;3.7;13214
30/11/2008;358597;387623;746220;177;15;0;0;0;1216.3;-0.707337338;-7.134596241;1.952;3.8;237009;7.06;305.6160124;6;36022;2233.364;46911.4506;-6.529880691;44.65;48726.50448;0.39;1.1;13085
31/12/2008;423059;471268;894327;178;15;0;0;0;1236.2;-1.056676273;-8.076352935;1.67;4.8;242231;7.06;305.8298715;6.87;35867;2295.488;46056.8147;-7.094748705;38.62;47663.75479;0.16;0.1;12883
31/1/2009;315446;341247;656693;179;16;1;0;0;1149.5;-0.532402485;-8.993972435;1.89;5.3;225529;7.06;306.0345067;6.87;35993;2303.552;46218.6113;-7.094748705;37.38;47631.8836;0.15;0;12450
28/2/2009;342937;345680;688617;180;16;1;0;0;1088.8;-0.018381137;-10.49997086;1.963;4.7;217643;6.92;306.2335185;6.87;35646;2103.114;45773.0286;-7.094748705;25.3;47600.92909;0.22;0.2;12266
31/3/2009;447077;410262;857339;181;16;1;0;0;1070.3;0.222639979;-11.77919475;2.097;4;249741;6.92;306.439479;8.27;35624;2173.064;45595.1576;-5.732432432;26.9;46909.75212;0.18;-0.4;12112
30/4/2009;428800;390371;819171;182;16;0;1;0;1043.5;0.523169461;-11.38558489;2.102;4.9;251374;6.92;306.6461796;8.27;35795;2398.265;45814.0205;-5.732432432;40.81;46878.13172;0.15;-0.7;11957
31/5/2009;482715;442709;925424;183;16;0;1;0;998.8;0.7606701;-10.0311755;2.485;5.7;258276;6.79;306.8656059;8.27;36326;2942.406;46493.6474;-5.732432432;54.81;46844.6112;0.18;-1.3;11829
30/6/2009;455404;404039;859443;184;16;0;1;0;943.1;0.925056383;-8.572584204;2.695;4.7;258395;6.79;307.0930135;9.3;35683;2355.078;45114.0169;-5.86881792;49.32;46746.74893;0.21;-1.4;11791
31/7/2009;548238;449215;997453;185;16;0;0;1;860.6;0.768777614;-7.935070671;2.557;4.8;264472;6.79;307.3231826;9.3;35531;2131.86;44921.8433;-5.86881792;47.37;46711.73805;0.16;-2.1;11704
31/8/2009;720229;541315;1261544;186;16;0;0;1;703;-0.601560366;-5.448100144;2.667;5.3;260297;6.61;307.5645913;9.3;35415;1735.335;44775.1845;-5.86881792;54.48;46675.07381;0.16;-1.5;11722
30/9/2009;396898;348637;745535;187;16;0;0;1;755.7;0.034816362;-2.668602727;2.554;4.5;241970;6.61;307.8232156;9.63;35433;2090.547;44868.8079;-5.391946424;53.43;46788.21891;0.15;-1.3;11685
31/10/2009;424699;413112;837811;188;16;0;0;0;783.9;2.2352915;2.278525895;2.727;4.7;254616;6.61;308.0714691;9.63;35260;1904.04;44649.738;-5.391946424;48.67;46750.51553;0.12;-0.2;11607
30/11/2009;370901;375618;746519;189;16;0;0;0;786.7;3.539665731;5.757119549;2.684;4.5;237364;6.55;308.2934564;9.63;35317;2013.069;44721.9171;-5.391946424;50.64;46716.85273;0.12;1.8;11550
31/12/2009;508815;520722;1029537;190;16;0;0;0;777.6;3.555917883;9.153737995;2.662;3.9;239703;6.55;308.4961599;9.93;35416;2018.712;44500.204;-5.227738786;53.62;47138.02598;0.12;2.7;11494
31/1/2010;359239;339241;698480;191;17;1;0;0;798.1;2.693217927;11.46136165;2.76;5.2;220839;6.55;308.7005746;9.93;35331;1978.536;44393.4015;-5.227738786;56.45;47106.81223;0.11;2.6;11357
28/2/2010;397414;382533;779947;192;17;1;0;0;847.4;2.363513355;14.14964547;2.709;5.3;210635;6.45;308.9003007;9.93;35246;1832.792;44286.599;-5.227738786;46.42;47076.3543;0.13;2.1;11340
31/3/2010;534960;530646;1065606;193;17;1;0;0;834.4;2.033880851;16.30252517;2.851;3.9;254238;6.45;309.0955443;9.83;35303;1765.15;43888.6896;-7.0529545;52.29;47250.11496;0.16;2.3;11367
30/4/2010;494544;486900;981444;194;17;0;1;0;834.7;1.567955777;16.58402977;2.901;5.4;253936;6.45;309.2842674;9.83;35544;1990.464;44188.3008;-7.0529545;57.74;47221.28327;0.2;2.2;11425
31/5/2010;554904;547389;1102293;195;17;0;1;0;858.2;1.266045883;16.21443131;2.784;6;256927;6.26;309.4712117;9.83;35761;2145.66;44458.0752;-7.0529545;62.66;47192.758;0.2;2;11499
30/6/2010;491379;491599;982978;196;17;0;1;0;854.8;0.932696394;16.14825897;2.809;4.1;260083;6.26;309.6693891;9.63;35752;2109.368;43728.2712;-5.374760713;54.31;47618.20354;0.18;1.1;11613
31/7/2010;511737;537392;1049129;197;17;0;0;1;861.1;0.451609132;17.04608151;2.801;4.7;265315;6.26;309.8747134;9.63;35758;2109.722;43735.6098;-5.374760713;51.03;47586.65152;0.18;1.2;11614
31/8/2010;497607;498925;996532;198;17;0;0;1;876.7;1.866840925;15.52863436;2.736;4.7;263837;6.24;310.0940211;9.63;35843;2078.894;43839.5733;-5.374760713;53.18;47552.99682;0.19;1.1;11651
30/9/2010;467979;485805;953784;199;17;0;0;1;883.6;1.763908739;12.9057193;2.747;5;244682;6.24;310.3234283;9.47;35773;2003.288;43210.2067;-1.878573373;48.61;47838.79864;0.19;1.1;11638
31/10/2010;441080;508570;949650;200;17;0;0;0;884.7;0.021037207;8.554590056;2.87;5.2;259528;6.24;310.5340998;9.47;35836;1935.144;43286.3044;-1.878573373;49.92;47806.34401;0.19;1.2;11619
30/11/2010;399906;472981;872887;201;17;0;0;0;884;-1.291651469;6.019840057;2.912;11.4;239757;5.87;310.7299961;9.47;35918;1903.654;43385.3522;-1.878573373;57.82;47776.20502;0.19;1.1;11610
31/12/2010;514378;629892;1144270;202;17;0;0;0;837.6;-1.131484026;3.67378426;3.106;10.1;240998;5.87;310.9162333;9.5;36148;2132.732;42954.6684;-1.865114436;63.4;48048.31142;0.18;1.5;11604
31/1/2011;380556;436542;817098;203;18;1;0;0;843.2;-0.780386245;2.429333065;3.155;10.9;223790;5.87;311.094589;9.5;36315;2287.845;43153.1145;-1.865114436;64.79;48020.76451;0.17;1.6;11524
28/2/2011;482540;507268;989808;204;18;1;0;0;819;0.277302835;1.939123365;3.435;12.8;213463;5.85;311.2533656;9.5;36398;2329.472;43251.7434;-1.865114436;72.02;47996.26816;0.16;2.1;11542
31/3/2011;642347;599604;1241951;205;18;1;0;0;787.7;1.15274814;2.326043879;3.65;11.3;253124;5.85;311.4133128;9.03;36326;2215.886;42319.79;-3.402325797;63.82;47786.33215;0.14;2.7;11588
30/4/2011;598627;555665;1154292;206;18;0;1;0;747.3;2.159658392;3.292644093;3.932;12.5;249578;5.85;311.5934825;9.03;36210;2100.18;42184.65;-3.402325797;66.02;47758.70112;0.1;3.2;11640
31/5/2011;535075;522751;1057826;207;18;0;1;0;745.7;3.496113013;4.085956629;3.848;13.7;254083;5.79;311.7718614;9.03;36171;2134.089;42139.215;-3.402325797;61.74;47731.37618;0.09;3.6;11690
30/6/2011;516588;532632;1049220;208;18;0;1;0;755.1;4.393905298;5.108761141;3.631;11.5;258350;5.79;311.9711327;9.07;36304;2214.544;41702.4048;-4.220354809;57.62;48048.03532;0.09;3.6;11801
31/7/2011;495603;560302;1055905;209;18;0;0;1;769.1;4.543073722;5.332048996;3.754;11.9;260175;5.79;312.189765;9.07;36424;2258.288;41840.2488;-4.220354809;59.23;48014.38638;0.07;3.6;11813
31/8/2011;498090;571137;1069227;210;18;0;0;1;782.6;4.448899256;5.350587185;3.682;13;260526;5.89;312.4072139;9.07;36374;2255.188;41782.8138;-4.220354809;45.18;47980.96629;0.1;3.8;11863
30/9/2011;475519;574235;1049754;211;18;0;0;1;778.4;4.359532247;5.149077466;3.568;11.1;242062;5.89;312.625538;9;36244;2065.908;40868.7344;-4.402515723;46.37;48048.21799;0.08;3.9;11840
31/10/2011;468533;548799;1017332;212;18;0;0;0;795.3;4.017261387;5.174951402;3.511;11.7;252058;5.89;312.8323955;9;36252;1993.86;40877.7552;-4.402515723;40.87;48016.44656;0.07;3.5;11826
30/11/2011;452482;539181;991663;213;18;0;0;0;820.4;3.966235554;4.90685413;3.368;12.2;238634;5.4;313.0159695;9;36194;2026.864;40812.3544;-4.402515723;55.17;47988.28643;0.08;3.4;11790
31/12/2011;543671;695268;1238939;214;18;0;0;0;860.7;3.960998067;3.991463911;3.317;10.2;244930;5.4;313.1961591;8.63;36450;2332.8;40907.835;-3.282506754;64.8;48500.91407;0.07;3;11800
31/1/2012;457705;452564;910269;215;19;1;0;0;920;3.976035252;3.218406931;3.5;9.6;227527;5.4;313.3658643;8.63;36683;2421.078;41169.3309;-3.282506754;61.1;48474.64811;0.08;2.9;11735
29/2/2012;599974;546185;1146159;216;19;1;0;0;910.9;3.359267538;2.850206734;3.78;10.3;218196;5.07;313.5239232;8.63;36868;2470.156;41376.9564;-3.282506754;71.62;48450.21026;0.1;2.9;11751
31/3/2012;747325;652775;1400100;217;19;1;0;0;910;2.702567867;3.196318507;3.973;12.3;256166;5.07;313.699483;8.27;36943;2586.01;40674.243;-1.59024141;69.45;48744.10329;0.13;2.7;11822
30/4/2012;619542;561644;1181186;218;19;0;1;0;928.4;2.302449807;3.506933026;3.889;9.9;249394;5.07;313.8674302;8.27;37022;2665.584;40761.222;-1.59024141;68.7;48718.02083;0.14;2.3;11852
31/5/2012;672662;657535;1330197;219;19;0;1;0;958.7;1.233209779;3.507660369;3.728;10.6;260774;4.88;314.0415767;8.27;37040;2703.92;40781.04;-1.59024141;64.37;48691.00506;0.16;1.7;11913
30/6/2012;645144;636273;1281417;220;19;0;1;0;980;0.384529803;2.32579591;3.494;11.6;260376;4.88;314.234885;8.2;37099;2819.524;40471.2991;-0.25671021;62.69;48888.27031;0.16;1.7;12024
31/7/2012;569542;580460;1150002;221;19;0;0;1;1034.5;0.151001691;1.057827012;3.568;14.3;260244;4.88;314.4394861;8.2;36975;2625.225;40336.0275;-0.25671021;65.37;48856.45944;0.16;1.4;12037
31/8/2012;634028;646332;1280360;222;19;0;0;1;1045.1;0.29382411;-0.623784679;3.837;11.6;264379;4.88;314.6598704;8.2;36883;2618.693;40235.6647;-0.25671021;61.28;48822.24092;0.13;1.7;12058
30/9/2012;584963;598836;1183799;223;19;0;0;1;1056.1;0.084371121;-1.606917297;3.889;12;238867;4.88;314.8767249;8.03;37031;2666.232;40108.2761;0.267672859;68.35;48847.05278;0.14;2;12023
31/10/2012;529758;557576;1087334;224;19;0;0;0;1068.1;0.256590828;-2.112954969;3.638;13.1;252925;4.88;315.0866353;8.03;37225;2903.55;40318.3975;0.267672859;73.08;48814.51092;0.16;2.2;11994
30/11/2012;550173;588964;1139137;225;19;0;0;0;1087.7;0.844664051;-2.25691885;3.505;11.6;240616;4.82;315.277483;8.03;37696;3317.248;40828.5376;0.267672859;71.54;48784.96191;0.16;1.8;11954
31/12/2012;631081;719533;1350614;226;19;0;0;0;1105.1;1.075066669;-1.961657891;3.369;12.2;238715;4.82;315.4453038;7.8;38659;4252.49;40773.6473;0.642178269;66.69;48770.10313;0.16;1.7;11958
31/1/2013;521977;517949;1039926;227;20;1;0;0;1114.2;1.401550474;-1.279707495;3.427;10.4;229419;4.82;315.592659;7.8;36235;1775.515;38217.0545;0.642178269;58.43;48747.3316;0.14;1.6;11880
28/2/2013;599354;588706;1188060;228;20;1;0;0;1113.9;0.980779494;-0.199304814;3.851;11.1;215803;4.69;315.7272652;7.8;36211;1701.917;38191.7417;0.642178269;68.04;48726.54882;0.15;2;11901
31/3/2013;737372;710302;1447674;229;20;1;0;0;1137.3;1.033288689;0.051117523;3.746;10.8;253026;4.69;315.8837492;7.73;36232;1739.136;39793.6056;2.238951262;61.9;49043.04207;0.14;1.5;11935
30/4/2013;637355;642923;1280278;230;20;0;1;0;1157.6;0.878784521;-0.61355378;3.587;10.6;252064;4.69;316.0396368;7.73;36229;1775.221;39790.3107;2.238951262;68.95;49018.85143;0.15;1.1;11945
31/5/2013;706162;730586;1436748;231;20;0;1;0;1184.7;0.593174;-1.605834663;3.704;10.6;263406;4.13;316.226011;7.73;36423;1930.419;40003.3809;2.238951262;74.26;48989.96116;0.11;1.4;11995
30/6/2013;687910;709369;1397279;232;20;0;1;0;1205.3;0.47934056;-2.283234389;3.645;11;259980;4.13;316.4104251;7.53;36489;1970.406;39838.6902;4.274311777;82.13;49055.27369;0.09;1.8;12086
31/7/2013;640146;669190;1309336;233;20;0;0;1;1154.8;0.533614963;-2.09286654;3.716;12.7;263946;4.13;316.6200198;7.53;36444;1895.088;39789.5592;4.274311777;81.01;49022.8003;0.09;2;12054
31/8/2013;734224;763486;1497710;234;20;0;0;1;1180.8;0.443968157;-1.032605537;3.623;10.6;268061;4.46;316.8478112;7.53;36527;1972.458;39880.1786;4.274311777;81.76;48987.55633;0.08;1.5;12107
30/9/2013;553196;580634;1133830;235;20;0;0;1;1211.3;0.484202459;0.418216228;3.499;12.9;242536;4.46;317.0683719;7.27;36594;1939.482;39814.272;4.586536297;80.2;49331.00047;0.08;1.2;12091
31/10/2013;564341;637682;1202023;236;20;0;0;0;1242.2;0.265670749;1.429602206;3.372;11.9;257558;4.46;317.2812766;7.27;36473;1750.704;39682.624;4.586536297;72.38;49297.89797;0.09;1;12080
30/11/2013;581619;656743;1238362;237;20;0;0;0;1253.5;-0.324116627;1.97309786;3.372;12.1;240125;4.42;317.4798194;7.27;36545;1681.07;39760.96;4.586536297;72.03;49267.06847;0.08;1.2;12080
31/12/2013;613553;738777;1352330;238;20;0;0;0;1279.3;-0.553171263;2.03051627;3.409;12;241302;4.42;317.6644332;6.93;36565;1718.555;39665.712;4.654798367;77.54;49718.81756;0.09;1.5;12084
31/1/2014;477627;530995;1008622;239;21;1;0;0;1289.1;-0.793345778;1.463582542;3.375;12.3;226413;4.42;317.8353159;6.93;36652;1869.252;39760.0896;4.654798367;79.41;49692.08646;0.07;1.6;11987
28/2/2014;564677;623880;1188557;240;21;1;0;0;1322.3;-0.48528362;0.612058507;3.52;13.8;213949;4.23;318.003744;6.93;36859;1990.386;39984.6432;4.654798367;78.3;49665.76746;0.07;1.1;12019
31/3/2014;740481;790160;1530641;241;21;1;0;0;1314.3;-0.535743722;0.112266643;3.651;13;253424;4.23;318.1688164;6.67;37058;2001.132;39733.5876;5.036816047;83.86;49525.90947;0.08;1.5;12061
30/4/2014;657912;725943;1383855;242;21;0;1;0;1297.9;-0.435221352;0.223761321;3.788;10.6;256736;4.23;318.3511927;6.67;37142;2042.81;39823.6524;5.036816047;81.71;49497.53719;0.09;2;12079
31/5/2014;773916;826528;1600444;243;21;0;1;0;1280.1;-0.176145981;0.22634167;3.75;11.6;266237;4.5;318.5446639;6.67;37256;2123.592;39945.8832;5.036816047;82.21;49467.47437;0.09;2.1;12139
30/6/2014;684084;730329;1414413;244;21;0;1;0;1282.3;-0.35847977;0.143647865;3.778;12.2;263459;4.5;318.7349623;6.2;37406;2206.954;39833.6494;5.401943325;86.37;49997.02538;0.1;2.1;12254
31/7/2014;670463;758001;1428464;245;21;0;0;1;1312.1;-0.225306168;0.198618194;3.617;12.3;270053;4.5;318.9504607;6.2;37445;2171.81;39875.1805;5.401943325;90.33;49963.24497;0.09;2;12259
31/8/2014;730886;831028;1578992;246;21;0;0;1;1284.6;-0.394895457;0.016313001;3.532;13.5;268831;4.16;319.1838362;6.2;37615;2106.44;40056.2135;5.401943325;93.42;49926.71367;0.09;1.7;12296
30/9/2014;562591;676427;1239018;247;21;0;0;1;1284.8;-0.36192193;-0.393410214;3.434;12.1;247688;4.16;319.4087676;6.1;37684;2185.672;39854.5984;5.268013654;89.04;50529.29548;0.09;1.7;12276
31/10/2014;577508;695630;1273138;248;21;0;0;0;1269.4;-0.026357955;-1.675387101;3.139;10.8;264171;4.16;319.6261189;6.1;37873;2196.634;40054.4848;5.268013654;94.05;50494.9347;0.09;1.7;12274
30/11/2014;576742;717135;1293877;249;21;0;0;0;1277.3;0.098452493;-3.085249429;2.907;12.9;241622;4.06;319.819228;6.1;38059;2207.422;40251.1984;5.268013654;91.03;50464.44549;0.09;1.3;12283
31/12/2014;656446;841764;1498210;250;21;0;0;0;1267.5;-0.059573289;-4.201561583;2.392;12.2;252394;4.06;320.0062789;5.7;38223;2331.603;40210.596;5.225131848;93.06;50687.13043;0.12;0.8;12294
31/1/2015;515478;631509;1146987;251;22;1;0;0;1264;-0.163950303;-4.020056179;2.133;13.1;233498;4.06;320.1742942;5.7;38326;2337.886;40318.952;5.225131848;103.8;50660.53176;0.11;-0.1;12203
28/2/2015;557644;694690;1252334;252;22;1;0;0;1283.3;0.058628372;-2.862833297;2.415;11.8;217220;4.53;320.3261548;5.7;38448;2422.224;40447.296;5.225131848;98.82;50636.51455;0.11;0;12219
31/3/2015;713375;826456;1539831;253;22;1;0;0;1275.4;0.290031213;-1.273838302;2.531;12.7;258017;4.53;320.4880463;5.53;38398;2227.084;40536.7686;5.342196706;101.44;51015.94331;0.11;-0.1;12254
30/4/2015;648560;800092;1448652;254;22;0;1;0;1299.2;0.121346672;-0.470444397;2.656;11.1;262817;4.53;320.6558906;5.53;38604;2393.448;40754.2428;5.342196706;94.32;50989.23949;0.12;-0.2;12267
31/5/2015;745881;881742;1627623;255;22;0;1;0;1307.6;0.077199851;-0.480715262;2.857;12.4;270839;4.15;320.8445248;5.53;38720;2400.64;40876.704;5.342196706;94.57;50959.26138;0.12;0;12319
30/6/2015;659895;810991;1470886;256;22;0;1;0;1297.4;0.495374887;-0.663253892;2.885;13.1;270574;4.15;321.0363336;5.4;38752;2441.376;40685.7248;5.208086317;99.8;51274.25863;0.13;0.1;12423
31/7/2015;647092;859650;1506742;257;22;0;0;1;1291.6;0.006234155;-1.137010408;2.833;11.8;278372;4.15;321.2385724;5.4;38722;2323.32;40654.2278;5.208086317;91;51241.97844;0.13;0.2;12426
31/8/2015;670582;898625;1559509;258;22;0;0;1;1289.4;0.092507581;-1.545567828;2.602;10.8;272209;4.09;321.4549017;5.4;38793;2327.58;40728.7707;5.208086317;101.3;51207.49416;0.14;0.2;12434
30/9/2015;598743;836381;1437411;259;22;0;0;1;1267.2;-0.088373647;-1.741943594;2.418;13.1;255090;4.09;321.6753711;5.1;38869;2332.14;40474.2897;5.334501899;102.6;51379.74954;0.14;0;12395
31/10/2015;601313;845248;1447510;260;22;0;0;0;1216.7;-0.426695159;-1.401012894;2.326;9.8;273530;4.09;321.8826907;5.1;39008;2457.504;40619.0304;5.334501899;99.1;51346.65664;0.12;0.2;12374
30/11/2015;527054;783709;1323498;261;22;0;0;0;1195.1;-0.63584856;-0.627120173;2.165;12.7;251453;4;322.0600682;5.1;38989;2378.329;40599.2457;5.334501899;92.6;51318.37701;0.12;0.5;12355
31/12/2015;632741;999918;1630148;262;22;0;0;0;1187.1;-0.440827869;0.364194791;2.141;11.3;262332;4;322.2290577;5;39012;2262.696;40408.6296;5.426311673;96.3;51353.53129;0.24;0.7;12368
31/1/2016;471819;670345;1157424;263;23;1;0;0;1168.5;-0.027716378;0.853238702;1.965;12.1;237074;4;322.3910087;5;38971;2299.289;40366.1618;5.426311673;97.8;51327.73419;0.34;1.4;12293
29/2/2016;555185;785962;1341147;264;23;1;0;0;1155.7;0.019301559;0.442150778;1.887;12.9;229039;4.17;322.5447633;5;38927;2140.985;40320.5866;5.426311673;94;51303.26666;0.38;1;12290
31/3/2016;665925;907761;1573686;265;23;1;0;0;1157.9;-0.311226176;-0.574740007;2.169;11.8;269710;4.17;322.7117688;4.93;38993;2222.601;40334.3592;5.404009982;96.1;51351.08665;0.36;0.9;12288
30/4/2016;608433;881265;1489698;266;23;0;1;0;1157.2;-0.603932101;-1.534835901;2.265;11.8;268383;4.17;322.8770385;4.93;39061;2148.355;40404.6984;5.404009982;94.7;51324.80178;0.37;1.1;12299
31/5/2016;625302;893406;1518708;267;23;0;1;0;1152.4;-0.768647979;-2.315659565;2.44;12.7;275288;4.33;323.0599974;4.93;39085;2110.59;40429.524;5.404009982;92.4;51295.73494;0.37;1;12312
30/6/2016;604484;908653;1513137;268;23;0;1;0;1178.2;-1.233021005;-3.091342651;2.432;12.7;277496;4.33;323.2511761;4.87;39112;1994.712;40484.8312;5.6039219;97.4;51549.69643;0.38;1;12434
31/7/2016;590738;925934;1516672;269;23;0;0;1;1196;-0.788225108;-3.746716164;2.289;11.1;281374;4.33;323.4610473;4.87;39150;1996.65;40524.165;5.6039219;96.7;51516.24946;0.39;0.8;12439
31/8/2016;579921;926313;1506234;270;23;0;0;1;1210.1;-0.749105313;-4.009065126;2.341;12.3;279418;4.25;323.6754543;4.87;39070;1914.43;40441.357;5.6039219;101.8;51482.12439;0.4;1.1;12430
30/9/2016;555463;874245;1429708;271;23;0;0;1;1216.7;-0.662343903;-4.065445731;2.334;12.5;261756;4.25;323.8928754;4.9;39020;1755.9;40401.308;5.796538718;103.5;51801.38642;0.4;1.5;12372
31/10/2016;506437;860735;1367172;272;23;0;0;0;1208.6;-0.337244628;-4.050856872;2.341;13.4;276039;4.25;324.0936304;4.9;38919;1595.679;40296.7326;5.796538718;100.8;51769.29883;0.4;1.6;12349
30/11/2016;508004;861619;1369623;273;23;0;0;0;1216.2;-0.190302253;-3.810201959;2.268;12.8;262224;4.45;324.2768462;4.9;38823;1436.451;40197.3342;5.796538718;109.4;51740.04927;0.41;1.7;12328
31/12/2016;599420;1080063;1679483;274;23;0;0;0;1189.9;-0.202592629;-3.508710361;2.419;13.9;263641;4.45;324.4514997;4.7;38742;1239.744;40462.1448;5.814784281;113.3;51938.11715;0.54;2.1;12341
31/1/2017;411489;726293;1137782;275;24;1;0;0;1230.2;0.514974459;-3.694591639;2.408;12.5;242282;4.45;324.6034806;4.7;38901;1439.337;40628.2044;5.814784281;111.6;51913.79947;0.65;2.5;12263
28/2/2017;484276;841623;1325899;276;24;1;0;0;1219.1;0.081326588;-4.252763428;2.427;13.7;233450;4.52;324.7642235;4.7;39020;1599.82;40752.488;5.814784281;116.1;51888.10461;0.66;2.7;12300
31/3/2017;589051;958993;1548044;277;24;1;0;0;1207.9;-0.131924299;-4.655967382;2.428;13.8;271958;4.52;324.9222217;4.67;39214;1529.346;40774.7172;5.83176858;124.9;52022.29602;0.79;2.4;12325
30/4/2017;537320;880042;1417362;278;24;0;1;0;1236;0.082445371;-4.63424391;2.559;14;271697;4.52;325.0931931;4.67;39166;1449.142;40724.8068;5.83176858;119.4;51994.93671;0.9;2.2;12336
31/5/2017;562233;947400;1509633;279;24;0;1;0;1240.8;-0.115218568;-4.311826277;2.516;12.5;281227;4.67;325.2823853;4.67;39308;1493.704;40872.4584;5.83176858;117.6;51964.69519;0.91;1.9;12375
30/6/2017;520568;943709;1464277;280;24;0;1;0;1242.4;-0.263484407;-4.297929639;2.404;12.6;280943;4.67;325.4654746;4.37;39261;1413.396;40796.1051;6.587161838;117.3;52328.43827;1.04;1.6;12496
31/7/2017;501179;907305;1408484;281;24;0;0;1;1175.6;-1.082122636;-4.082306111;2.467;13.6;283570;4.67;325.6704786;4.37;39263;1334.942;40798.1833;6.587161838;120;52295.49843;1.15;1.7;12486
31/8/2017;523354;951676;1475030;282;24;0;0;1;1152.9;-1.232960155;-3.802344365;2.513;12.9;283323;4.42;325.8932442;4.37;39211;1333.174;40744.1501;6.587161838;120.4;52259.75162;1.16;1.9;12544
30/9/2017;534177;981582;1515759;283;24;0;0;1;1070.2;-1.677066536;-3.748543676;2.701;12.1;262543;4.42;326.1109268;4.3;39179;1175.37;40710.8989;6.291616421;120.6;52649.87644;1.15;2.2;12498
31/10/2017;457603;889899;1347502;284;24;0;0;0;1011.8;-2.103025896;-2.892491102;2.602;14;262543;4.42;326.3131095;4.3;39277;1256.864;40812.7307;6.291616421;126.2;52617.25472;1.15;2;12495
30/11/2017;460510;927449;1387959;285;24;0;0;0;1011.8;-2.206267504;-1.394886384;2.648;12.6;262543;4.42;326.3131095;4.3;39277;1256.864;40812.7307;6.291616421;129.5;52617.25472;1.16;2;12509
